Year,Player_Name,Matches_Batted,Not_Outs,Runs_Scored,Highest_Score,Batting_Average,Balls_Faced,Batting_Strike_Rate,Centuries,Half_Centuries,Fours,Sixes,Catches_Taken,Stumpings,Matches_Bowled,Balls_Bowled,Runs_Conceded,Wickets_Taken,Bowling_Average,Economy_Rate,Bowling_Strike_Rate,Four_Wicket_Hauls,Five_Wicket_Hauls
2023,Ruturaj Gaikwad,16,1,590,92,42.14,400,147.5,0,4,46,30,17,0,16,0,0,0,0,0,0,0,0
2022,Ruturaj Gaikwad,14,0,368,99,26.29,291,126.46,0,3,33,14,4,0,14,0,0,0,0,0,0,0,0
2021,Ruturaj Gaikwad,16,2,635,101,45.35,466,136.26,1,4,64,23,6,0,16,0,0,0,0,0,0,0,0
2020,Ruturaj Gaikwad,6,2,204,72,51,169,120.71,0,3,16,6,4,0,6,0,0,0,0,0,0,0,0
2023,Devon Conway,16,2,672,92,51.69,481,139.71,0,6,77,18,6,0,16,0,0,0,0,0,0,0,0
2022,Devon Conway,7,1,252,87,42,173,145.66,0,3,22,12,2,0,7,0,0,0,0,0,0,0,0
2023,MS Dhoni,16,8,104,32,26,57,182.46,0,0,3,10,7,3,16,0,0,0,0,0,0,0,0
2022,MS Dhoni,14,6,232,50,33.14,188,123.4,0,1,21,10,9,0,14,0,0,0,0,0,0,0,0
2021,MS Dhoni,16,4,114,18,16.28,107,106.54,0,0,12,3,13,0,16,0,0,0,0,0,0,0,0
2020,MS Dhoni,14,4,200,47,25,172,116.27,0,0,16,7,15,1,14,0,0,0,0,0,0,0,0
2019,MS Dhoni,15,7,416,84,83.2,309,134.62,0,3,22,23,11,5,15,0,0,0,0,0,0,0,0
2018,MS Dhoni,16,9,455,79,75.83,302,150.66,0,3,24,30,11,3,16,0,0,0,0,0,0,0,0
2017,MS Dhoni,16,4,290,61,26.36,250,116,0,1,15,16,10,3,16,0,0,0,0,0,0,0,0
2016,MS Dhoni,14,5,284,64,40.57,210,135.23,0,1,18,14,8,4,14,0,0,0,0,0,0,0,0
2015,MS Dhoni,17,5,372,53,31,305,121.96,0,1,27,17,8,3,17,0,0,0,0,0,0,0,0
2014,MS Dhoni,16,10,371,57,74.2,250,148.4,0,1,22,20,3,1,16,0,0,0,0,0,0,0,0
2013,MS Dhoni,18,5,461,67,41.9,283,162.89,0,4,32,25,15,2,18,0,0,0,0,0,0,0,0
2012,MS Dhoni,19,5,358,51,29.83,278,128.77,0,1,26,9,12,2,19,0,0,0,0,0,0,0,0
2011,MS Dhoni,16,4,392,70,43.55,247,158.7,0,2,25,23,5,5,16,0,0,0,0,0,0,0,0
2010,MS Dhoni,13,2,287,66,31.88,210,136.66,0,2,26,8,5,6,13,0,0,0,0,0,0,0,0
2009,MS Dhoni,14,5,332,58,41.5,261,127.2,0,2,22,9,4,4,14,0,0,0,0,0,0,0,0
2008,MS Dhoni,16,4,414,65,41.4,310,133.54,0,2,38,15,6,0,16,0,0,0,0,0,0,0,0
2023,Ajinkya Rahane,14,1,326,71,32.6,189,172.49,0,2,24,16,8,0,14,0,0,0,0,0,0,0,0
2022,Ajinkya Rahane,7,0,133,44,19,128,103.91,0,0,14,4,3,0,7,0,0,0,0,0,0,0,0
2021,Ajinkya Rahane,2,0,8,8,8,8,100,0,0,1,0,0,0,0,0,0,0,0,0,0,0,0
2020,Ajinkya Rahane,9,0,113,60,14.12,107,105.6,0,1,12,2,4,0,9,0,0,0,0,0,0,0,0
2019,Ajinkya Rahane,14,1,393,105,32.75,285,137.89,1,1,45,9,5,0,14,0,0,0,0,0,0,0,0
2018,Ajinkya Rahane,15,1,370,65,28.46,313,118.21,0,1,39,5,4,0,15,0,0,0,0,0,0,0,0
2017,Ajinkya Rahane,16,1,382,60,25.46,323,118.26,0,2,35,9,7,0,16,0,0,0,0,0,0,0,0
2016,Ajinkya Rahane,14,3,480,74,43.63,379,126.64,0,6,54,9,7,0,14,0,0,0,0,0,0,0,0
2015,Ajinkya Rahane,14,2,540,91,49.09,413,130.75,0,4,53,13,3,0,14,0,0,0,0,0,0,0,0
2014,Ajinkya Rahane,13,0,339,72,28.25,291,116.49,0,3,38,3,6,0,13,0,0,0,0,0,0,0,0
2013,Ajinkya Rahane,18,4,488,68,34.85,458,106.55,0,4,42,11,10,0,18,0,0,0,0,0,0,0,0
2012,Ajinkya Rahane,16,2,560,103,40,433,129.33,1,3,73,10,11,0,16,0,0,0,0,0,0,0,0
2011,Ajinkya Rahane,10,1,120,52,20,98,122.44,0,1,12,2,1,0,10,0,0,0,0,0,0,0,0
2008,Ajinkya Rahane,2,0,4,4,2,17,23.52,0,0,1,0,0,0,0,0,0,0,0,0,0,0,0
2023,Shivam Dube,16,3,418,52,38,264,158.33,0,3,12,35,6,0,16,0,0,0,0,0,0,0,0
2022,Rishabh Pant,14,2,340,44,30.91,224,151.79,0,0,35,16,8,4,14,0,0,0,0,0,0,0,0
2021,Rishabh Pant,16,4,419,58,34.91,326,128.52,0,3,42,10,10,3,16,0,0,0,0,0,0,0,0
2020,Rishabh Pant,14,3,343,56,31.18,301,113.95,0,1,31,9,13,0,14,0,0,0,0,0,0,0,0
2019,Rishabh Pant,16,3,488,78,37.53,300,162.66,0,3,37,27,18,6,16,0,0,0,0,0,0,0,0
2018,Rishabh Pant,14,1,684,128,52.61,394,173.6,1,5,68,37,4,2,14,0,0,0,0,0,0,0,0
2017,Rishabh Pant,14,0,366,97,26.14,221,165.61,0,2,28,24,8,3,14,0,0,0,0,0,0,0,0
2016,Rishabh Pant,10,2,198,69,24.75,152,130.26,0,1,19,6,3,0,10,0,0,0,0,0,0,0,0
2023,David Warner,14,0,516,86,36.86,392,131.63,0,6,69,10,7,0,14,0,0,0,0,0,0,0,0
2022,David Warner,12,3,432,92,48,287,150.52,0,5,52,15,6,0,12,0,0,0,0,0,0,0,0
2021,David Warner,8,0,195,57,24.37,181,107.73,0,2,15,6,2,0,8,0,0,0,0,0,0,0,0
2019,David Warner,12,2,692,100,69.2,481,143.86,1,8,57,21,2,0,12,0,0,0,0,0,0,0,0
2017,David Warner,14,3,641,126,58.27,452,141.81,1,4,63,26,10,0,14,0,0,0,0,0,0,0,0
2016,David Warner,17,3,848,93,60.57,560,151.42,0,9,88,31,4,0,17,0,0,0,0,0,0,0,0
2015,David Warner,14,1,562,91,43.23,359,156.54,0,7,65,21,8,0,14,0,0,0,0,0,0,0,0
2014,David Warner,14,3,528,90,48,375,140.8,0,6,39,24,8,0,14,0,0,0,0,0,0,0,0
2013,David Warner,16,3,410,77,31.53,323,126.93,0,4,41,14,6,0,16,0,0,0,0,0,0,0,0
2012,David Warner,8,1,256,109,36.57,156,164.1,1,1,28,14,1,0,8,0,0,0,0,0,0,0,0
2011,David Warner,13,0,324,77,24.92,276,117.39,0,3,34,11,4,0,13,0,0,0,0,0,0,0,0
2010,David Warner,11,1,282,107,28.2,191,147.64,1,1,27,14,8,0,11,0,0,0,0,0,0,0,0
2009,David Warner,7,0,163,51,23.29,132,123.48,0,1,16,5,0,0,7,0,0,0,0,0,0,0,0
2023,Prithvi Shaw,8,0,106,54,13.25,85,124.71,0,1,16,1,1,0,8,0,0,0,0,0,0,0,0
2022,Prithvi Shaw,10,0,283,61,28.3,185,152.97,0,2,37,10,4,0,10,0,0,0,0,0,0,0,0
2021,Prithvi Shaw,15,0,479,82,31.93,301,159.13,0,4,56,18,1,0,15,0,0,0,0,0,0,0,0
2020,Prithvi Shaw,13,0,228,66,17.53,167,136.52,0,2,27,8,4,0,13,0,0,0,0,0,0,0,0
2019,Prithvi Shaw,16,0,353,99,22.06,264,133.71,0,2,45,9,2,0,16,0,0,0,0,0,0,0,0
2018,Prithvi Shaw,9,0,245,65,27.22,160,153.12,0,2,27,10,4,0,9,0,0,0,0,0,0,0,0
2023,Yash Dhull,4,0,16,13,5.33,23,69.57,0,0,1,0,2,0,4,0,0,0,0,0,0,0,0
2023,Abishek Porel,4,0,33,20,8.25,31,106.45,0,0,1,2,4,0,4,0,0,0,0,0,0,0,0
2019,Ricky Bhui,1,0,7,7,7,12,58.33,0,0,0,0,0,0,0,0,0,0,0,0,0,0,0
2018,Ricky Bhui,1,0,0,0,0,5,0,0,0,0,0,0,0,1,0,0,0,0,0,0,0,0
2022,Tristan Stubbs,2,0,2,2,1,4,50,0,0,0,0,0,0,2,0,0,0,0,0,0,0,0
2023,Shubman Gill,17,2,890,129,59.33,564,157.8,3,4,85,33,6,0,17,0,0,0,0,0,0,0,0
2022,Shubman Gill,16,2,483,96,34.5,365,132.33,0,4,51,11,7,0,16,0,0,0,0,0,0,0,0
2021,Shubman Gill,17,0,478,57,28.11,402,118.9,0,3,50,12,6,0,17,0,0,0,0,0,0,0,0
2020,Shubman Gill,14,1,440,70,33.84,373,117.96,0,3,44,9,7,0,14,0,0,0,0,0,0,0,0
2019,Shubman Gill,14,4,296,76,32.88,238,124.36,0,3,21,10,7,0,14,0,0,0,0,0,0,0,0
2018,Shubman Gill,13,5,203,57,33.83,139,146.04,0,1,22,5,3,0,13,0,0,0,0,0,0,0,0
2023,David Miller,16,5,259,46,32.38,178,145.51,0,0,18,13,11,0,16,0,0,0,0,0,0,0,0
2022,David Miller,16,9,481,94,68.71,337,142.73,0,2,32,23,6,0,16,0,0,0,0,0,0,0,0
2021,David Miller,9,3,124,62,24.8,113,109.73,0,1,11,3,4,0,9,0,0,0,0,0,0,0,0
2020,David Miller,1,0,0,0,0,0,0,0,0,0,0,0,0,1,0,0,0,0,0,0,0,0
2019,David Miller,10,2,213,59,26.62,164,129.87,0,1,19,7,7,0,10,0,0,0,0,0,0,0,0
2018,David Miller,3,1,74,26,37,64,115.62,0,0,3,2,0,0,3,0,0,0,0,0,0,0,0
2017,David Miller,5,1,83,30,27.66,80,103.75,0,0,4,4,2,0,5,0,0,0,0,0,0,0,0
2016,David Miller,14,3,161,31,16.1,131,122.9,0,0,11,4,10,0,14,0,0,0,0,0,0,0,0
2015,David Miller,13,2,357,89,32.45,266,134.21,0,2,21,21,7,0,13,0,0,0,0,0,0,0,0
2014,David Miller,16,6,446,66,44.6,299,149.16,0,3,34,21,14,0,16,0,0,0,0,0,0,0,0
2013,David Miller,12,5,418,101,59.71,254,164.56,1,3,28,24,8,0,12,0,0,0,0,0,0,0,0
2012,David Miller,6,3,98,34,32.66,75,130.66,0,0,6,4,1,0,6,0,0,0,0,0,0,0,0
2022,Matthew Wade,10,0,157,35,15.7,138,113.77,0,0,23,2,7,1,10,0,0,0,0,0,0,0,0
2011,Matthew Wade,3,0,22,11,7.33,33,66.66,0,0,0,0,0,0,0,0,0,0,0,0,0,0,0
2023,Wriddhiman Saha,17,1,371,81,23.19,287,129.27,0,2,47,8,9,2,17,0,0,0,0,0,0,0,0
2022,Wriddhiman Saha,11,1,317,68,31.7,259,122.39,0,3,40,7,11,2,11,0,0,0,0,0,0,0,0
2021,Wriddhiman Saha,9,0,131,44,14.55,140,93.57,0,0,7,5,6,0,9,0,0,0,0,0,0,0,0
2020,Wriddhiman Saha,4,1,214,87,71.33,153,139.86,0,2,24,5,2,1,4,0,0,0,0,0,0,0,0
2019,Wriddhiman Saha,5,0,86,28,17.2,53,162.26,0,0,13,1,4,1,5,0,0,0,0,0,0,0,0
2018,Wriddhiman Saha,11,2,122,35,15.25,102,119.6,0,0,17,1,5,1,11,0,0,0,0,0,0,0,0
2017,Wriddhiman Saha,14,1,234,93,23.4,187,125.13,0,1,20,8,10,2,14,0,0,0,0,0,0,0,0
2016,Wriddhiman Saha,12,1,270,56,24.54,212,127.35,0,2,29,1,7,3,12,0,0,0,0,0,0,0,0
2015,Wriddhiman Saha,14,0,249,42,19.15,197,126.39,0,0,16,10,11,3,14,0,0,0,0,0,0,0,0
2014,Wriddhiman Saha,17,2,362,115,32.9,249,145.38,1,2,33,18,8,4,17,0,0,0,0,0,0,0,0
2013,Wriddhiman Saha,3,0,70,39,23.33,56,125,0,0,6,4,0,0,3,0,0,0,0,0,0,0,0
2012,Wriddhiman Saha,4,0,6,6,6,14,42.85,0,0,0,0,0,0,0,0,0,0,0,0,0,0,0
2011,Wriddhiman Saha,7,2,68,46,68,63,107.93,0,0,2,4,2,0,7,0,0,0,0,0,0,0,0
2010,Wriddhiman Saha,13,4,67,22,22.33,53,126.41,0,0,9,1,3,3,13,0,0,0,0,0,0,0,0
2009,Wriddhiman Saha,8,4,72,25,24,41,175.6,0,0,3,4,2,0,8,0,0,0,0,0,0,0,0
2008,Wriddhiman Saha,12,5,159,59,31.8,119,133.61,0,1,12,7,8,2,12,0,0,0,0,0,0,0,0
2023,Kane Williamson,1,0,0,0,0,0,0,0,0,0,0,0,0,1,0,0,0,0,0,0,0,0
2022,Kane Williamson,13,2,216,57,19.64,231,93.51,0,1,16,8,10,0,13,0,0,0,0,0,0,0,0
2021,Kane Williamson,10,4,266,66,44.33,235,113.19,0,2,29,2,7,0,10,0,0,0,0,0,0,0,0
2019,Kane Williamson,9,2,156,70,22.28,130,120,0,1,12,5,2,0,9,0,0,0,0,0,0,0,0
2018,Kane Williamson,17,3,735,84,52.5,516,142.44,0,8,64,28,6,0,17,0,0,0,0,0,0,0,0
2017,Kane Williamson,7,1,256,89,42.66,169,151.47,0,2,20,10,1,0,7,0,0,0,0,0,0,0,0
2015,Kane Williamson,2,1,31,26,31,27,114.81,0,0,1,1,2,0,2,0,0,0,0,0,0,0,0
2023,Abhinav Manohar,9,0,114,42,19,83,137.35,0,0,6,7,4,0,9,0,0,0,0,0,0,0,0
2022,Abhinav Manohar,8,1,108,43,18,75,144,0,0,14,3,4,0,8,0,0,0,0,0,0,0,0
2023,B. Sai Sudharsan,8,1,362,96,51.71,256,141.41,0,3,33,12,2,0,8,0,0,0,0,0,0,0,0
2022,B. Sai Sudharsan,5,1,145,65,36.25,114,127.19,0,1,14,3,1,0,5,0,0,0,0,0,0,0,0
2023,Vijay Shankar,14,2,301,63,37.63,188,160.11,0,3,27,15,2,0,14,0,0,0,0,0,0,0,0
2017,Vijay Shankar,4,2,101,63,50.5,75,134.66,0,1,12,1,1,0,4,0,0,0,0,0,0,0,0
2023,Shahrukh Khan,14,6,156,41,22.29,94,165.96,0,0,13,9,7,0,14,0,0,0,0,0,0,0,0
2022,Shahrukh Khan,8,1,117,26,16.71,108,108.33,0,0,4,9,3,0,8,0,0,0,0,0,0,0,0
2021,Shahrukh Khan,11,3,153,47,21.85,114,134.21,0,0,9,10,4,0,11,0,0,0,0,0,0,0,0
2021,Shreyas Iyer,8,3,175,47,35,171,102.33,0,0,7,5,6,0,8,0,0,0,0,0,0,0,0
2020,Shreyas Iyer,17,2,519,88,34.6,421,123.27,0,3,40,16,6,0,17,0,0,0,0,0,0,0,0
2019,Shreyas Iyer,16,1,463,67,30.86,386,119.94,0,3,41,14,8,0,16,0,0,0,0,0,0,0,0
2018,Shreyas Iyer,14,3,411,93,37.36,310,132.58,0,4,29,21,5,0,14,0,0,0,0,0,0,0,0
2017,Shreyas Iyer,12,2,338,96,33.8,243,139.09,0,2,36,10,3,0,12,0,0,0,0,0,0,0,0
2016,Shreyas Iyer,6,0,30,19,5,43,69.76,0,0,2,1,4,0,6,0,0,0,0,0,0,0,0
2015,Shreyas Iyer,14,1,439,83,33.76,342,128.36,0,4,41,21,2,0,14,0,0,0,0,0,0,0,0
2023,Rinku Singh,14,6,474,67,59.25,317,149.53,0,4,31,29,8,0,14,0,0,0,0,0,0,0,0
2022,Rinku Singh,7,2,174,42,34.8,117,148.72,0,0,17,7,9,0,7,0,0,0,0,0,0,0,0
2020,Rinku Singh,1,0,11,11,11,11,100,0,0,1,0,1,0,1,0,0,0,0,0,0,0,0
2019,Rinku Singh,5,1,37,30,18.5,34,108.82,0,0,1,2,1,0,5,0,0,0,0,0,0,0,0
2018,Rinku Singh,4,0,29,16,7.25,31,93.54,0,0,4,0,4,0,4,0,0,0,0,0,0,0,0
2023,Rahmanullah Gurbaz,11,0,227,81,20.64,170,133.53,0,2,17,15,10,0,11,0,0,0,0,0,0,0,0
2017,Nitish Rana,13,1,333,62,30.27,264,126.13,0,3,24,17,4,0,13,0,0,0,0,0,0,0,0
2022,Sherfane Rutherford,3,0,33,28,16.5,50,66,0,0,1,1,0,0,3,0,0,0,0,0,0,0,0
2023,Phil Salt,9,1,218,87,27.25,133,163.91,0,2,24,10,5,0,9,0,0,0,0,0,0,0,0
2022,K.S Bharat,2,0,8,8,4,7,114.29,0,0,2,0,0,0,2,0,0,0,0,0,0,0,0
2021,K.S Bharat,8,2,191,78,38.2,156,122.43,0,1,10,8,4,1,8,0,0,0,0,0,0,0,0
2023,Manish Pandey,10,0,160,50,17.78,146,109.59,0,1,15,3,3,0,10,0,0,0,0,0,0,0,0
2022,Manish Pandey,6,0,88,38,14.67,80,110,0,0,9,2,3,0,6,0,0,0,0,0,0,0,0
2021,Manish Pandey,8,2,292,69,48.66,236,123.72,0,3,21,10,5,0,8,0,0,0,0,0,0,0,0
2020,Manish Pandey,16,2,425,83,32.69,333,127.62,0,3,35,18,7,0,16,0,0,0,0,0,0,0,0
2019,Manish Pandey,12,3,344,83,43,263,130.79,0,3,34,6,7,0,12,0,0,0,0,0,0,0,0
2018,Manish Pandey,15,2,284,62,25.81,246,115.44,0,3,22,5,9,0,15,0,0,0,0,0,0,0,0
2017,Manish Pandey,14,5,396,81,49.5,308,128.57,0,2,28,12,8,0,14,0,0,0,0,0,0,0,0
2016,Manish Pandey,12,3,248,52,31,183,135.51,0,2,17,9,7,0,12,0,0,0,0,0,0,0,0
2015,Manish Pandey,13,1,225,40,20.45,184,122.28,0,0,22,7,5,0,13,0,0,0,0,0,0,0,0
2014,Manish Pandey,16,3,401,94,30.84,340,117.94,0,2,35,10,3,0,16,0,0,0,0,0,0,0,0
2013,Manish Pandey,7,1,136,66,22.66,137,99.27,0,1,11,3,6,0,7,0,0,0,0,0,0,0,0
2012,Manish Pandey,10,2,143,80,20.42,112,127.67,0,1,12,6,3,0,10,0,0,0,0,0,0,0,0
2011,Manish Pandey,10,0,246,59,27.33,227,108.37,0,1,28,6,5,0,10,0,0,0,0,0,0,0,0
2010,Manish Pandey,13,1,249,42,20.75,226,110.17,0,0,27,7,7,0,13,0,0,0,0,0,0,0,0
2009,Manish Pandey,5,2,168,114,84,118,142.37,1,0,17,4,4,0,5,0,0,0,0,0,0,0,0
2008,Manish Pandey,3,0,3,3,1.5,9,33.33,0,0,0,0,0,0,0,0,0,0,0,0,0,0,0
2023,Venkatesh Iyer,14,0,404,104,28.86,277,145.85,1,2,32,21,3,0,14,0,0,0,0,0,0,0,0
2023,KL Rahul,9,1,274,74,34.25,242,113.22,0,2,28,4,4,0,9,0,0,0,0,0,0,0,0
2022,KL Rahul,15,3,616,103,51.33,455,135.38,2,4,45,30,9,0,15,0,0,0,0,0,0,0,0
2021,KL Rahul,13,3,626,98,62.6,451,138.8,0,6,48,30,11,0,13,0,0,0,0,0,0,0,0
2020,KL Rahul,14,2,670,132,55.83,518,129.34,1,5,58,23,10,0,14,0,0,0,0,0,0,0,0
2019,KL Rahul,14,3,593,100,53.9,438,135.38,1,6,49,25,7,0,14,0,0,0,0,0,0,0,0
2018,KL Rahul,14,2,659,95,54.91,416,158.41,0,6,66,32,10,1,14,0,0,0,0,0,0,0,0
2016,KL Rahul,14,3,397,68,44.11,271,146.49,0,4,37,16,5,4,14,0,0,0,0,0,0,0,0
2015,KL Rahul,9,3,142,44,28.4,126,112.69,0,0,8,5,1,0,9,0,0,0,0,0,0,0,0
2014,KL Rahul,11,0,166,46,20.75,164,101.21,0,0,12,3,4,0,11,0,0,0,0,0,0,0,0
2013,KL Rahul,5,0,20,12,10,16,125,0,0,4,0,0,0,0,0,0,0,0,0,0,0,0
2023,Devdutt Padikkal,11,1,261,52,26.1,200,130.5,0,2,31,6,4,0,11,0,0,0,0,0,0,0,0
2022,Devdutt Padikkal,17,0,376,54,22.12,306,122.88,0,1,40,14,5,0,17,0,0,0,0,0,0,0,0
2021,Devdutt Padikkal,14,1,411,101,31.61,328,125.3,1,1,44,14,7,0,14,0,0,0,0,0,0,0,0
2020,Devdutt Padikkal,15,0,473,74,31.53,379,124.8,0,5,51,8,8,0,15,0,0,0,0,0,0,0,0
2023,Quinton de Kock,4,0,143,70,35.75,102,140.2,0,1,10,8,2,1,4,0,0,0,0,0,0,0,0
2022,Quinton de Kock,15,1,508,140,36.29,341,148.97,1,3,47,23,12,1,15,0,0,0,0,0,0,0,0
2021,Quinton de Kock,11,1,297,70,29.7,256,116.01,0,2,29,7,4,2,11,0,0,0,0,0,0,0,0
2020,Quinton de Kock,16,2,503,78,35.92,358,140.5,0,4,46,22,18,4,16,0,0,0,0,0,0,0,0
2019,Quinton de Kock,16,1,529,81,35.26,398,132.91,0,4,45,25,17,2,16,0,0,0,0,0,0,0,0
2018,Quinton de Kock,8,0,201,53,25.12,162,124.07,0,1,20,8,7,3,8,0,0,0,0,0,0,0,0
2016,Quinton de Kock,13,1,445,108,37.08,327,136.08,1,3,52,13,2,2,13,0,0,0,0,0,0,0,0
2015,Quinton de Kock,3,0,122,69,40.66,77,158.44,0,2,18,4,0,0,3,0,0,0,0,0,0,0,0
2014,Quinton de Kock,7,0,153,48,21.85,130,117.69,0,0,19,4,2,0,7,0,0,0,0,0,0,0,0
2013,Quinton de Kock,3,0,6,4,2,15,40,0,0,1,0,0,0,0,0,0,0,0,0,0,0,0
2023,Nicholas Pooran,15,3,358,62,29.83,207,172.95,0,2,26,26,6,3,15,0,0,0,0,0,0,0,0
2022,Nicholas Pooran,14,5,306,64,38.25,212,144.34,0,2,16,21,8,1,14,0,0,0,0,0,0,0,0
2021,Nicholas Pooran,12,0,85,32,7.72,76,111.84,0,0,3,5,3,0,12,0,0,0,0,0,0,0,0
2020,Nicholas Pooran,14,4,353,77,35.3,208,169.71,0,2,23,25,7,0,14,0,0,0,0,0,0,0,0
2019,Nicholas Pooran,7,0,168,48,28,107,157,0,0,10,14,1,0,7,0,0,0,0,0,0,0,0
2019,Ashton Turner,4,1,3,3,1,10,30,0,0,0,0,0,0,0,0,0,0,0,0,0,0,0
2023,Prerak Mankad,5,2,93,64,31,72,129.17,0,1,12,2,5,0,5,0,0,0,0,0,0,0,0
2022,Prerak Mankad,1,1,4,4,0,1,400,0,0,1,0,1,0,1,0,0,0,0,0,0,0,0
2023,Rohit Sharma,16,0,332,65,20.75,250,132.8,0,2,35,17,1,0,16,0,0,0,0,0,0,0,0
2022,Rohit Sharma,14,0,268,48,19.14,223,120.18,0,0,28,13,7,0,14,0,0,0,0,0,0,0,0
2020,Rohit Sharma,12,0,332,80,27.66,260,127.69,0,3,27,19,6,0,12,0,0,0,0,0,0,0,0
2019,Rohit Sharma,15,1,405,67,28.92,315,128.57,0,2,52,10,4,0,15,0,0,0,0,0,0,0,0
2018,Rohit Sharma,14,2,286,94,23.83,215,133.02,0,2,25,12,8,0,14,0,0,0,0,0,0,0,0
2017,Rohit Sharma,17,2,333,67,23.78,273,121.97,0,3,31,9,10,0,17,0,0,0,0,0,0,0,0
2016,Rohit Sharma,14,3,489,85,44.45,368,132.88,0,5,49,16,2,0,14,0,0,0,0,0,0,0,0
2015,Rohit Sharma,16,2,482,98,34.42,333,144.74,0,3,41,21,5,0,16,0,0,0,0,0,0,0,0
2023,Suryakumar Yadav,16,2,605,103,43.21,334,181.14,1,5,65,28,6,0,16,0,0,0,0,0,0,0,0
2022,Suryakumar Yadav,8,1,303,68,43.29,208,145.67,0,3,23,16,3,0,8,0,0,0,0,0,0,0,0
2021,Suryakumar Yadav,14,0,317,82,22.64,221,143.43,0,2,40,10,5,0,14,0,0,0,0,0,0,0,0
2020,Suryakumar Yadav,16,3,480,79,40,331,145.01,0,4,61,11,8,0,16,0,0,0,0,0,0,0,0
2019,Suryakumar Yadav,16,2,424,71,32.61,324,130.86,0,2,45,10,9,0,16,0,0,0,0,0,0,0,0
2018,Suryakumar Yadav,14,0,512,72,36.57,384,133.33,0,4,61,16,8,0,14,0,0,0,0,0,0,0,0
2017,Suryakumar Yadav,10,1,105,31,17.5,88,119.31,0,0,8,3,5,0,10,0,0,0,0,0,0,0,0
2016,Suryakumar Yadav,15,4,182,60,26,143,127.27,0,1,18,5,6,0,15,0,0,0,0,0,0,0,0
2015,Suryakumar Yadav,13,4,157,46,17.44,113,138.93,0,0,12,8,7,0,13,0,0,0,0,0,0,0,0
2012,Suryakumar Yadav,1,0,0,0,0,4,0,0,0,0,0,0,0,0,0,0,0,0,0,0,0,0
2023,Ishan Kishan,16,0,454,75,30.27,318,142.77,0,3,54,18,10,3,16,0,0,0,0,0,0,0,0
2022,Ishan Kishan,14,1,418,81,32.15,348,120.11,0,3,45,11,13,0,14,0,0,0,0,0,0,0,0
2021,Ishan Kishan,10,1,241,84,26.77,180,133.88,0,2,21,10,3,0,10,0,0,0,0,0,0,0,0
2020,Ishan Kishan,14,4,516,99,57.33,354,145.76,0,4,36,30,1,0,14,0,0,0,0,0,0,0,0
2019,Ishan Kishan,7,0,101,28,16.83,100,101,0,0,8,4,2,0,7,0,0,0,0,0,0,0,0
2018,Ishan Kishan,14,0,275,62,22.91,184,149.45,0,2,22,17,9,2,14,0,0,0,0,0,0,0,0
2017,Ishan Kishan,11,0,277,61,27.7,206,134.46,0,1,29,13,3,0,11,0,0,0,0,0,0,0,0
2016,Ishan Kishan,5,0,42,27,8.4,41,102.43,0,0,5,0,1,0,5,0,0,0,0,0,0,0,0
2023,Tim David,16,6,231,45,25.67,146,158.22,0,0,12,15,10,0,16,0,0,0,0,0,0,0,0
2022,Tim David,8,3,186,46,37.2,86,216.28,0,0,12,16,6,0,8,0,0,0,0,0,0,0,0
2021,Tim David,1,0,1,1,1,3,33.33,0,0,0,0,0,0,0,0,0,0,0,0,0,0,0
2023,Vishnu Vinod,3,0,37,30,12.33,31,119.35,0,0,2,2,1,0,3,0,0,0,0,0,0,0,0
2017,Vishnu Vinod,3,0,19,9,6.33,26,73.07,0,0,1,1,0,2,3,0,0,0,0,0,0,0,0
2021,Hardik Pandya,12,2,127,40,14.11,112,113.39,0,0,11,5,4,0,12,0,0,0,0,0,0,0,0
2020,Hardik Pandya,14,5,281,60,35.12,157,178.98,0,1,14,25,6,0,14,0,0,0,0,0,0,0,0
2023,Romario Shepherd,1,0,0,0,0,1,0,0,0,0,0,0,0,1,0,0,0,0,0,0,0,0
2023,Nehal Wadhera,14,1,241,64,26.78,166,145.18,0,2,23,12,4,0,14,0,0,0,0,0,0,0,0
2023,Shikhar Dhawan,11,2,373,99,41.44,261,142.91,0,3,49,12,4,0,11,0,0,0,0,0,0,0,0
2022,Shikhar Dhawan,14,2,460,88,38.33,375,122.67,0,3,47,12,10,0,14,0,0,0,0,0,0,0,0
2021,Shikhar Dhawan,16,1,587,92,39.13,471,124.62,0,3,63,16,9,0,16,0,0,0,0,0,0,0,0
2020,Shikhar Dhawan,17,3,618,106,44.14,427,144.73,2,4,67,12,5,0,17,0,0,0,0,0,0,0,0
2019,Shikhar Dhawan,16,1,521,97,34.73,384,135.67,0,5,64,11,5,0,16,0,0,0,0,0,0,0,0
2018,Shikhar Dhawan,16,3,497,92,38.23,363,136.91,0,4,59,14,12,0,16,0,0,0,0,0,0,0,0
2017,Shikhar Dhawan,14,1,479,77,36.84,376,127.39,0,3,53,9,7,0,14,0,0,0,0,0,0,0,0
2016,Shikhar Dhawan,17,4,501,82,38.53,429,116.78,0,4,51,8,5,0,17,0,0,0,0,0,0,0,0
2015,Shikhar Dhawan,14,1,353,54,27.15,286,123.42,0,3,45,6,6,0,14,0,0,0,0,0,0,0,0
2014,Shikhar Dhawan,14,1,377,64,29,319,118.18,0,2,49,7,5,0,14,0,0,0,0,0,0,0,0
2013,Shikhar Dhawan,10,2,311,73,38.87,253,122.92,0,3,37,5,6,0,10,0,27,0,0,0,0,0,0
2010,Shikhar Dhawan,10,0,191,56,19.1,170,112.35,0,2,23,3,4,0,10,0,0,0,0,0,0,0,0
2009,Shikhar Dhawan,5,0,40,22,10,45,88.88,0,0,3,0,2,0,5,0,0,0,0,0,0,0,0
2008,Shikhar Dhawan,14,5,340,68,37.77,295,115.25,0,4,35,8,8,0,14,0,0,0,0,0,0,0,0
2023,Jitesh Sharma,14,1,309,49,23.77,198,156.06,0,0,22,21,3,2,14,0,0,0,0,0,0,0,0
2022,Jitesh Sharma,12,2,234,44,29.25,143,163.64,0,0,22,12,9,2,12,0,0,0,0,0,0,0,0
2022,Jonny Bairstow,11,0,253,66,23,175,144.57,0,2,34,9,2,0,11,0,0,0,0,0,0,0,0
2021,Jonny Bairstow,7,1,248,63,41.33,175,141.71,0,2,20,15,2,1,7,0,0,0,0,0,0,0,0
2020,Jonny Bairstow,11,0,345,97,31.36,272,126.83,0,3,31,13,7,1,11,0,0,0,0,0,0,0,0
2019,Jonny Bairstow,10,2,445,114,55.62,283,157.24,1,2,48,18,9,2,10,0,0,0,0,0,0,0,0
2023,Prabhsimran Singh,14,0,358,103,25.57,238,150.42,1,1,38,19,1,0,14,0,0,0,0,0,0,0,0
2022,Prabhsimran Singh,1,0,14,14,14,11,127.27,0,0,2,0,0,0,1,0,0,0,0,0,0,0,0
2021,Prabhsimran Singh,2,0,19,12,9.5,23,82.6,0,0,1,1,0,0,0,0,0,0,0,0,0,0,0
2020,Prabhsimran Singh,2,0,15,11,7.5,15,100,0,0,2,0,1,0,2,0,0,0,0,0,0,0,0
2019,Prabhsimran Singh,1,0,16,16,16,17,94.11,0,0,1,1,1,0,1,0,0,0,0,0,0,0,0
2021,Liam Livingstone,5,0,42,25,8.4,41,102.43,0,0,3,1,3,0,5,0,0,0,0,0,0,0,0
2023,Harpreet Bhatia,3,0,76,41,25.33,59,128.81,0,0,8,3,1,0,3,0,0,0,0,0,0,0,0
2012,Harpreet Bhatia,1,0,6,6,6,6,100,0,0,0,0,0,0,1,0,0,0,0,0,0,0,0
2011,Harpreet Bhatia,2,1,14,13,14,20,70,0,0,0,0,2,0,2,0,0,0,0,0,0,0,0
2010,Harpreet Bhatia,1,0,0,0,0,0,0,0,0,0,0,0,0,1,0,0,0,0,0,0,0,0
2023,Rilee Rossouw,9,2,209,82,29.86,141,148.23,0,1,17,11,3,0,9,0,0,0,0,0,0,0,0
2015,Rilee Rossouw,2,0,14,14,7,10,140,0,0,1,1,2,0,2,0,0,0,0,0,0,0,0
2014,Rilee Rossouw,3,0,39,24,13,41,95.12,0,0,2,2,0,0,3,0,0,0,0,0,0,0,0
2023,Atharva Taide,7,0,186,66,26.57,129,144.19,0,2,20,6,5,0,7,0,0,0,0,0,0,0,0
2023,Sanju Samson,14,2,362,66,30.17,236,153.39,0,3,25,24,3,3,14,0,0,0,0,0,0,0,0
2022,Sanju Samson,17,1,458,55,28.63,312,146.79,0,2,43,26,14,2,17,0,0,0,0,0,0,0,0
2021,Sanju Samson,14,2,484,119,40.33,354,136.72,1,2,45,17,7,4,14,0,0,0,0,0,0,0,0
2020,Sanju Samson,14,1,375,85,28.84,236,158.89,0,3,21,26,9,2,14,0,0,0,0,0,0,0,0
2019,Sanju Samson,12,2,342,102,34.2,230,148.69,1,0,28,13,4,1,12,0,0,0,0,0,0,0,0
2018,Sanju Samson,15,1,441,92,31.5,320,137.81,0,3,30,19,5,0,15,0,0,0,0,0,0,0,0
2017,Sanju Samson,14,0,386,102,27.57,273,141.39,1,2,32,19,4,0,14,0,0,0,0,0,0,0,0
2016,Sanju Samson,14,3,291,60,26.45,259,112.35,0,1,20,8,3,1,14,0,0,0,0,0,0,0,0
2015,Sanju Samson,14,1,204,76,20.4,163,125.15,0,1,16,8,9,0,14,0,0,0,0,0,0,0,0
2014,Sanju Samson,13,0,339,74,26.07,273,124.17,0,2,25,17,5,2,13,0,0,0,0,0,0,0,0
2013,Sanju Samson,11,2,206,63,25.75,178,115.73,0,1,19,5,13,0,11,0,0,0,0,0,0,0,0
2023,Jos Buttler,14,0,392,95,28,282,139.01,0,4,42,14,9,0,14,0,0,0,0,0,0,0,0
2022,Jos Buttler,17,2,863,116,57.53,579,149.05,4,4,83,45,9,0,17,0,0,0,0,0,0,0,0
2021,Jos Buttler,7,0,254,124,36.28,166,153.01,1,0,27,13,3,0,7,0,0,0,0,0,0,0,0
2020,Jos Buttler,13,2,328,70,32.8,227,144.49,0,2,27,16,6,0,13,0,0,0,0,0,0,0,0
2019,Jos Buttler,8,0,311,89,38.87,205,151.7,0,3,38,14,8,0,8,0,0,0,0,0,0,0,0
2018,Jos Buttler,13,3,548,95,54.8,353,155.24,0,5,52,21,9,1,13,0,0,0,0,0,0,0,0
2017,Jos Buttler,10,0,272,77,27.2,177,153.67,0,1,27,15,1,0,10,0,0,0,0,0,0,0,0
2016,Jos Buttler,14,3,255,41,23.18,184,138.58,0,0,23,11,7,0,14,0,0,0,0,0,0,0,0
2023,Shimron Hetmyer,14,5,300,56,37.5,197,152.28,0,1,12,23,11,0,14,0,0,0,0,0,0,0,0
2022,Shimron Hetmyer,15,8,314,59,44.86,204,153.92,0,1,21,21,3,0,15,0,0,0,0,0,0,0,0
2021,Shimron Hetmyer,14,6,242,53,34.57,144,168.05,0,1,19,12,4,0,14,0,0,0,0,0,0,0,0
2020,Shimron Hetmyer,12,3,185,45,23.12,125,148,0,0,11,12,7,0,12,0,0,0,0,0,0,0,0
2019,Shimron Hetmyer,5,0,90,75,18,73,123.28,0,1,4,7,3,0,5,0,0,0,0,0,0,0,0
2023,Yashasvi Jaiswal,14,1,625,124,48.08,382,163.61,1,5,82,26,8,0,14,0,0,0,0,0,0,0,0
2021,Yashasvi Jaiswal,10,0,249,50,24.9,168,148.21,0,1,32,10,3,0,10,0,0,0,0,0,0,0,0
2020,Yashasvi Jaiswal,3,0,40,34,13.33,44,90.9,0,0,2,2,1,0,3,0,0,0,0,0,0,0,0
2023,Dhruv Jurel,13,4,152,34,21.71,88,172.73,0,0,11,9,1,0,13,0,0,0,0,0,0,0,0
2023,Riyan Parag,7,1,78,20,13,66,118.18,0,0,4,5,1,0,7,0,0,0,0,0,0,0,0
2023,Faf du Plessis,14,1,730,84,56.15,475,153.68,0,8,60,36,3,0,14,0,0,0,0,0,0,0,0
2022,Faf du Plessis,16,1,468,96,31.2,367,127.52,0,3,49,13,4,0,16,0,0,0,0,0,0,0,0
2021,Faf du Plessis,16,2,633,95,45.21,458,138.2,0,6,60,23,12,0,16,0,0,0,0,0,0,0,0
2020,Faf du Plessis,13,2,449,87,40.81,319,140.75,0,4,42,14,12,0,13,0,0,0,0,0,0,0,0
2019,Faf du Plessis,12,1,396,96,36,321,123.36,0,3,36,15,12,0,12,0,0,0,0,0,0,0,0
2018,Faf du Plessis,6,1,162,67,32.4,129,125.58,0,1,17,6,1,0,6,0,0,0,0,0,0,0,0
2017,Faf du Plessis,2,0,8,8,8,7,114.28,0,0,1,0,0,0,2,0,0,0,0,0,0,0,0
2016,Faf du Plessis,6,0,206,69,34.33,162,127.16,0,2,17,9,4,0,6,0,0,0,0,0,0,0,0
2015,Faf du Plessis,17,2,380,55,29.23,304,125,0,1,37,5,8,0,17,0,0,0,0,0,0,0,0
2014,Faf du Plessis,15,1,303,54,27.54,235,128.93,0,2,26,7,13,0,15,0,0,0,0,0,0,0,0
2022,Rajat Patidar,8,1,333,112,55.5,218,152.75,1,2,27,18,4,0,8,0,0,0,0,0,0,0,0
2021,Rajat Patidar,4,0,71,31,17.75,62,114.51,0,0,3,3,1,0,4,0,0,0,0,0,0,0,0
2023,Virat Kohli,14,2,639,101,53.25,457,139.82,2,6,65,16,13,0,14,0,0,0,0,0,0,0,0
2022,Virat Kohli,16,1,341,73,22.73,294,115.99,0,2,32,8,9,0,16,0,0,0,0,0,0,0,0
2021,Virat Kohli,15,1,405,72,28.92,339,119.46,0,3,43,9,8,0,15,0,0,0,0,0,0,0,0
2020,Virat Kohli,15,4,466,90,42.36,384,121.35,0,3,23,11,3,0,15,0,0,0,0,0,0,0,0
2019,Virat Kohli,14,0,464,100,33.14,328,141.46,1,2,46,13,5,0,14,0,0,0,0,0,0,0,0
2018,Virat Kohli,14,3,530,92,48.18,381,139.1,0,4,52,18,8,0,14,0,0,0,0,0,0,0,0
2017,Virat Kohli,10,0,308,64,30.8,252,122.22,0,4,23,11,6,0,10,0,0,0,0,0,0,0,0
2014,Virat Kohli,14,1,359,73,27.61,294,122.1,0,2,23,16,7,0,14,0,0,0,0,0,0,0,0
2013,Virat Kohli,16,2,634,99,45.28,457,138.73,0,6,64,22,7,0,16,0,0,0,0,0,0,0,0
2023,Anuj Rawat,9,4,91,29,30.33,71,128.17,0,0,6,4,3,0,9,0,0,0,0,0,0,0,0
2022,Anuj Rawat,8,0,129,66,16.13,118,109.32,0,1,10,7,6,0,8,0,0,0,0,0,0,0,0
2021,Anuj Rawat,2,0,0,0,0,1,0,0,0,0,0,3,0,2,0,0,0,0,0,0,0,0
2023,Dinesh Karthik,13,1,140,30,11.67,104,134.62,0,0,13,5,8,2,13,0,0,0,0,0,0,0,0
2022,Dinesh Karthik,16,10,330,66,55,180,183.33,0,1,27,22,10,2,16,0,0,0,0,0,0,0,0
2021,Dinesh Karthik,17,5,223,40,22.3,170,131.17,0,0,22,7,5,2,17,0,0,0,0,0,0,0,0
2020,Dinesh Karthik,14,2,169,58,14.08,134,126.11,0,1,20,4,9,0,14,0,0,0,0,0,0,0,0
2019,Dinesh Karthik,14,5,253,97,31.62,173,146.24,0,2,22,14,7,0,14,0,0,0,0,0,0,0,0
2018,Dinesh Karthik,16,6,498,52,49.8,337,147.77,0,2,49,16,14,4,16,0,0,0,0,0,0,0,0
2017,Dinesh Karthik,14,3,361,65,36.1,259,139.38,0,2,30,11,8,0,14,0,0,0,0,0,0,0,0
2016,Dinesh Karthik,16,2,335,53,25.76,266,125.93,0,3,38,3,11,3,16,0,0,0,0,0,0,0,0
2015,Dinesh Karthik,16,0,141,28,12.81,117,120.51,0,0,15,4,14,4,16,0,0,0,0,0,0,0,0
2014,Dinesh Karthik,14,0,325,69,23.21,258,125.96,0,3,28,11,7,2,14,0,0,0,0,0,0,0,0
2013,Dinesh Karthik,19,1,510,86,28.33,411,124.08,0,2,54,14,12,2,19,0,0,0,0,0,0,0,0
2012,Dinesh Karthik,17,1,238,44,18.3,213,111.73,0,0,30,2,5,2,17,0,0,0,0,0,0,0,0
2011,Dinesh Karthik,14,2,282,69,25.63,220,128.18,0,1,32,7,7,0,14,0,0,0,0,0,0,0,0
2010,Dinesh Karthik,14,1,278,69,21.38,237,117.29,0,1,26,6,6,6,14,0,0,0,0,0,0,0,0
2009,Dinesh Karthik,15,5,288,52,36,217,132.72,0,1,20,9,12,5,15,0,0,0,0,0,0,0,0
2008,Dinesh Karthik,13,2,145,56,24.16,107,135.51,0,1,13,4,6,2,13,0,0,0,0,0,0,0,0
2023,Suyash S Prabhudessai,5,0,35,19,8.75,29,120.69,0,0,1,2,5,0,5,0,0,0,0,0,0,0,0
2022,Suyash S Prabhudessai,5,0,67,34,13.4,59,113.56,0,0,7,2,5,0,5,0,0,0,0,0,0,0,0
2020,Mahipal Lomror,3,0,59,47,19.66,54,109.25,0,0,2,3,0,0,3,0,0,0,0,0,0,0,0
2019,Mahipal Lomror,2,0,8,8,8,3,266.66,0,0,2,0,1,0,2,0,0,0,0,0,0,0,0
2009,Karn Sharma,1,1,0,0,0,0,0,0,0,0,0,0,0,0,0,0,0,0,0,0,0,0
2023,Abdul Samad,9,4,169,37,42.25,128,132.03,0,0,10,11,4,0,9,0,0,0,0,0,0,0,0
2023,Rahul Tripathi,13,1,273,74,22.75,213,128.17,0,1,29,10,2,0,13,0,0,0,0,0,0,0,0
2022,Rahul Tripathi,14,3,413,76,37.55,261,158.24,0,3,40,20,6,0,14,0,0,0,0,0,0,0,0
2021,Rahul Tripathi,17,2,397,74,28.35,283,140.28,0,2,41,11,8,0,17,0,0,0,0,0,0,0,0
2020,Rahul Tripathi,11,1,230,81,23,181,127.07,0,1,21,10,3,0,11,0,0,0,0,0,0,0,0
2019,Rahul Tripathi,8,1,141,50,23.5,118,119.49,0,1,13,2,3,0,8,0,0,0,0,0,0,0,0
2018,Rahul Tripathi,12,3,226,80,25.11,167,135.32,0,1,18,8,4,0,12,0,0,0,0,0,0,0,0
2023,Mayank Agarwal,10,0,270,83,27,210,128.57,0,1,29,6,6,0,10,0,0,0,0,0,0,0,0
2022,Mayank Agarwal,13,0,196,52,16.33,160,122.5,0,1,23,6,10,0,13,0,0,0,0,0,0,0,0
2021,Mayank Agarwal,12,1,441,99,40.09,314,140.44,0,4,42,18,5,0,12,0,0,0,0,0,0,0,0
2020,Mayank Agarwal,11,0,424,106,38.54,271,156.45,1,2,44,15,6,0,11,0,0,0,0,0,0,0,0
2019,Mayank Agarwal,13,0,332,58,25.53,234,141.88,0,2,26,14,7,0,13,0,0,0,0,0,0,0,0
2018,Mayank Agarwal,11,1,120,30,12,94,127.65,0,0,9,5,2,0,11,0,0,0,0,0,0,0,0
2017,Mayank Agarwal,3,0,26,20,8.66,27,96.29,0,0,3,0,1,0,3,0,0,0,0,0,0,0,0
2016,Mayank Agarwal,3,0,27,10,9,25,108,0,0,3,1,0,0,3,0,0,0,0,0,0,0,0
2015,Mayank Agarwal,10,1,213,68,23.66,177,120.33,0,2,23,7,3,0,10,0,0,0,0,0,0,0,0
2014,Mayank Agarwal,8,0,115,31,14.37,91,126.37,0,0,12,3,1,0,8,0,0,0,0,0,0,0,0
2013,Mayank Agarwal,5,0,67,29,13.4,62,108.06,0,0,6,3,3,0,5,0,0,0,0,0,0,0,0
2012,Mayank Agarwal,16,1,225,64,20.45,158,142.4,0,1,19,15,9,0,16,0,0,0,0,0,0,0,0
2011,Mayank Agarwal,8,0,141,41,20.14,120,117.5,0,0,16,4,3,0,8,0,0,0,0,0,0,0,0
2023,Anmolpreet Singh,4,0,105,36,26.25,82,128.05,0,0,15,2,1,0,4,0,0,0,0,0,0,0,0
2022,Anmolpreet Singh,2,0,13,8,6.5,13,100,0,0,1,0,0,0,2,0,0,0,0,0,0,0,0
2021,Anmolpreet Singh,1,0,16,16,16,14,114.28,0,0,2,1,0,0,1,0,0,0,0,0,0,0,0
2023,Heinrich Klaasen,12,2,448,104,49.78,253,177.08,1,2,32,25,3,1,12,0,0,0,0,0,0,0,0
2019,Heinrich Klaasen,3,0,9,6,4.5,10,90,0,0,0,0,0,0,0,0,0,0,0,0,0,0,0
2018,Heinrich Klaasen,4,1,57,32,19,47,121.27,0,0,5,1,3,4,4,0,0,0,0,0,0,0,0
2016,Travis Head,3,1,54,37,27,40,135,0,0,3,2,0,0,3,0,0,0,0,0,0,0,0
2018,Abhishek Sharma,3,2,63,46,63,33,190.9,0,0,3,5,1,0,3,0,0,0,0,0,0,0,0
2023,Sanvir Singh,2,1,11,7,11,9,122.22,0,0,1,1,0,0,2,0,0,0,0,0,0,0,0
